{"12.9787742,77.65885746459693_12.9859,77.6445": [1.76, 25.0], "12.970027049999999,77.60966586122197_12.9714,77.6142": [0.48, 7.0], "12.970027049999999,77.60966586122197_12.9758,77.6103": [0.73, 10.0], "12.970027049999999,77.60966586122197_12.9813,77.5969": [1.8, 25.0], "12.9964,77.6957_12.9967,77.6922": [0.31, 4.0], "12.9964,77.6957_12.9936,77.7039": [0.85, 12.0], "12.9404,77.5676_12.9506,77.5736": [1.3, 18.0], "12.9404,77.5676_12.9383,77.58": [1.18, 16.0], "12.9404,77.5676_12.9464,77.5801": [1.28, 18.0], "12.974135,77.6174176_12.9714,77.6142": [0.45, 6.0], "12.974135,77.6174176_12.9758,77.6103": [0.65, 9.0], "12.974135,77.6174176_12.9757,77.6261": [0.79, 11.0], "12.9567706,77.7007709_12.9765,77.7248": [3.2, 48.0], "12.9567706,77.7007709_12.9936,77.7039": [4.2, 55.0], "12.9567706,77.7007709_12.9967,77.6922": [5.0, 70.0], "12.9871697,77.7360104_12.9883,77.7349": [0.18, 3.0], "12.9871697,77.7360104_12.9876,77.7382": [0.21, 3.0], "12.9871697,77.7360104_12.9765,77.7248": [1.7, 24.0], "12.9825,77.6712_13.0003,77.6681": [2.2, 30.0], "12.9825,77.6712_12.9967,77.6922": [2.3, 32.0]}